{"input_size": 76, "hidden_size": 8, "output_size": 13, "all_words": ["a", "advic", "anyon", "are", "around", "attract", "best", "british", "budget", "bye", "can", "care", "climat", "cost", "cuisin", "day", "dine", "eat", "even", "expens", "food", "french", "get", "good", "goodby", "have", "hello", "hey", "hi", "how", "i", "in", "inform", "is", "japanes", "landmark", "later", "local", "london", "metro", "money", "monument", "morn", "much", "need", "of", "option", "pari", "place", "price", "public", "recommend", "restaur", "season", "see", "sightse", "spot", "system", "take", "temperatur", "thank", "there", "time", "to", "tokyo", "tourist", "tradit", "transport", "travel", "visit", "way", "weather", "what", "when", "ya", "you"], "tags": ["general_transportation", "goodbye", "greeting", "london_food", "london_landmarks", "london_weather", "paris_food", "paris_landmarks", "paris_weather", "tokyo_food", "tokyo_landmarks", "tokyo_weather", "travel_costs"]}